{
  "project_info": {
    "project_number": "950001602408",
    "project_id": "chatapplication-90c56",
    "storage_bucket": "chatapplication-90c56.appspot.com"
  },
  "client": [
    {
      "client_info": {
        "mobilesdk_app_id": "1:950001602408:android:14f7ebbe3f07314247d0dd",
        "android_client_info": {
          "package_name": "com.example.chatapplication"
        }
      },
      "oauth_client": [],
      "api_key": [
        {
          "current_key": "AIzaSyCJmBe3y0xdPfdL-YRCThkLEGyjY954pVY"
        }
      ],
      "services": {
        "appinvite_service": {
          "other_platform_oauth_client": []
        }
      }
    }
  ],
  "configuration_version": "1"
}